{"edges": [[0, 1], [0, 2], [0, 3], [0, 4], [0, 5], [1, 2], [1, 3], [1, 4], [1, 5], [2, 3], [2, 4], [2, 5], [3, 4], [3, 5], [4, 5]], "features": {"0": 5, "1": 5, "2": 5, "3": 5, "4": 5, "5": 5}, "weight": {"(0, 1)": 4.2812441874555125, "(0, 2)": 10.70667524278241, "(0, 3)": 11.51010327610178, "(0, 4)": 2.357734678385904, "(0, 5)": 10.817223840013554, "(1, 2)": 14.117281545590721, "(1, 3)": 15.202192642540705, "(1, 4)": 2.0944540918090366, "(1, 5)": 14.409746844131496, "(2, 3)": 1.7805731307160975, "(2, 4)": 12.825494375701828, "(2, 5)": 0.9383041112244399, "(3, 4)": 13.743939219217856, "(3, 5)": 0.9378689993415084, "(4, 5)": 13.010708325611198}}