{"edges": [[0, 1], [0, 2], [0, 3], [0, 4], [0, 5], [0, 6], [0, 7], [0, 8], [1, 2], [1, 3], [1, 4], [1, 5], [1, 6], [1, 7], [1, 8], [2, 3], [2, 4], [2, 5], [2, 6], [2, 7], [2, 8], [3, 4], [3, 5], [3, 6], [3, 7], [3, 8], [4, 5], [4, 6], [4, 7], [4, 8], [5, 6], [5, 7], [5, 8], [6, 7], [6, 8], [7, 8]], "features": {"0": 8, "1": 8, "2": 8, "3": 8, "4": 8, "5": 8, "6": 8, "7": 8, "8": 8}, "weight": {"(0, 1)": 4.2812441874555125, "(0, 2)": 4.191941851891469, "(0, 3)": 3.245928524875692, "(0, 4)": 6.041272172435293, "(0, 5)": 7.685464112588701, "(0, 6)": 8.325252105429682, "(0, 7)": 3.4610204751291644, "(0, 8)": 3.13742358695975, "(1, 2)": 2.7514216151391473, "(1, 3)": 1.6271640782788757, "(1, 4)": 10.253010578092578, "(1, 5)": 11.941278758318363, "(1, 6)": 12.53015680848236, "(1, 7)": 1.2246085232331692, "(1, 8)": 7.360221028546488, "(2, 3)": 1.516620427080034, "(2, 4)": 10.01019897118374, "(2, 5)": 11.506201940205093, "(2, 6)": 12.262466842905962, "(2, 7)": 3.386163404222787, "(2, 8)": 7.181406859202837, "(3, 4)": 9.276077318988692, "(3, 5)": 10.884747841774463, "(3, 6)": 11.558115424249843, "(3, 7)": 1.9133810270437195, "(3, 8)": 6.377713976769191, "(4, 5)": 1.778785891810811, "(4, 6)": 2.2840882634087625, "(4, 7)": 9.258086973861737, "(4, 8)": 2.904975252636996, "(5, 6)": 1.0024522278169548, "(5, 7)": 10.98132581700926, "(5, 8)": 4.584906714040556, "(6, 7)": 11.518888326860624, "(6, 8)": 5.1890158334418075, "(7, 8)": 6.401032667927098}}