{"edges": [[0, 1], [0, 2], [0, 3], [0, 4], [0, 5], [0, 6], [0, 7], [0, 8], [1, 2], [1, 3], [1, 4], [1, 5], [1, 6], [1, 7], [1, 8], [2, 3], [2, 4], [2, 5], [2, 6], [2, 7], [2, 8], [3, 4], [3, 5], [3, 6], [3, 7], [3, 8], [4, 5], [4, 6], [4, 7], [4, 8], [5, 6], [5, 7], [5, 8], [6, 7], [6, 8], [7, 8]], "features": {"0": 8, "1": 8, "2": 8, "3": 8, "4": 8, "5": 8, "6": 8, "7": 8, "8": 8}, "weight": {"(0, 1)": 1.5443423181191895, "(0, 2)": 1.9752130085723794, "(0, 3)": 0.46874955495177445, "(0, 4)": 2.410250484163813, "(0, 5)": 4.908344198462092, "(0, 6)": 5.983867912620896, "(0, 7)": 1.5367640843029144, "(0, 8)": 3.739490484857778, "(1, 2)": 2.7514216151391473, "(1, 3)": 1.6271640782788757, "(1, 4)": 3.519026818575162, "(1, 5)": 6.15262221902035, "(1, 6)": 7.24101777079519, "(1, 7)": 1.2246085232331692, "(1, 8)": 5.261466129981698, "(2, 3)": 1.516620427080034, "(2, 4)": 4.0345798461110025, "(2, 5)": 6.120303031713442, "(2, 6)": 7.11378939309857, "(2, 7)": 3.386163404222787, "(2, 8)": 3.454899750413057, "(3, 4)": 2.803280129281225, "(3, 5)": 5.220038643224409, "(3, 6)": 6.282718396662031, "(3, 7)": 1.9133810270437195, "(3, 8)": 3.6602046560304866, "(4, 5)": 2.6424857473755954, "(4, 6)": 3.7295673739357795, "(4, 7)": 2.5604363715145837, "(4, 8)": 3.5850191706513272, "(5, 6)": 1.088401195217459, "(5, 7)": 5.189066024315019, "(5, 8)": 3.995654905205213, "(6, 7)": 6.269827981266844, "(6, 8)": 4.663448747031981, "(7, 8)": 5.072743219652045}}