{"edges": [[0, 1], [0, 2], [0, 3], [0, 4], [0, 5], [1, 2], [1, 3], [1, 4], [1, 5], [2, 3], [2, 4], [2, 5], [3, 4], [3, 5], [4, 5]], "features": {"0": 5, "1": 5, "2": 5, "3": 5, "4": 5, "5": 5}, "weight": {"(0, 1)": 4.2812441874555125, "(0, 2)": 10.706652476288756, "(0, 3)": 11.510230077839344, "(0, 4)": 2.357734678385904, "(0, 5)": 10.819486163704623, "(1, 2)": 14.11758644372068, "(1, 3)": 15.202283673270896, "(1, 4)": 2.0944540918090366, "(1, 5)": 14.412478900126407, "(2, 3)": 1.7790254454956023, "(2, 4)": 12.825609492529626, "(2, 5)": 0.9398189157707246, "(3, 4)": 13.74405328729095, "(3, 5)": 0.9342968260555092, "(4, 5)": 13.013164267043082}}