{"edges": [[0, 1], [0, 2], [0, 3], [0, 4], [0, 5], [0, 6], [0, 7], [0, 8], [1, 2], [1, 3], [1, 4], [1, 5], [1, 6], [1, 7], [1, 8], [2, 3], [2, 4], [2, 5], [2, 6], [2, 7], [2, 8], [3, 4], [3, 5], [3, 6], [3, 7], [3, 8], [4, 5], [4, 6], [4, 7], [4, 8], [5, 6], [5, 7], [5, 8], [6, 7], [6, 8], [7, 8]], "features": {"0": 8, "1": 8, "2": 8, "3": 8, "4": 8, "5": 8, "6": 8, "7": 8, "8": 8}, "weight": {"(0, 1)": 1.0869194366514152, "(0, 2)": 1.9325853126368466, "(0, 3)": 1.4508021051718678, "(0, 4)": 3.769402038257129, "(0, 5)": 4.353413775327836, "(0, 6)": 5.4234997186633445, "(0, 7)": 2.089069900556651, "(0, 8)": 3.6600497219090435, "(1, 2)": 2.7514216151391473, "(1, 3)": 1.6271640782788757, "(1, 4)": 3.5666943085942204, "(1, 5)": 3.919678350238876, "(1, 6)": 5.014892631609875, "(1, 7)": 1.111835946978108, "(1, 8)": 4.069615961614963, "(2, 3)": 1.516620427080034, "(2, 4)": 3.2035147453077113, "(2, 5)": 4.096214520821975, "(2, 6)": 4.98551392771878, "(2, 7)": 3.31137981907701, "(2, 8)": 2.069342907996902, "(3, 4)": 2.3377642171111477, "(3, 5)": 3.0139351987479324, "(3, 6)": 4.047143529576969, "(3, 7)": 1.8525192750347579, "(3, 8)": 2.4424795004258706, "(4, 5)": 0.9863033782573922, "(4, 6)": 1.7849652711978674, "(4, 7)": 3.0013935706812953, "(4, 8)": 2.14049323574424, "(5, 6)": 1.095215823359738, "(5, 7)": 3.1082596911194367, "(5, 8)": 3.114487484931757, "(6, 7)": 4.183892567966193, "(6, 8)": 3.645172986673164, "(7, 8)": 4.087539694240445}}