{"edges": [[0, 1], [0, 2], [0, 3], [0, 4], [0, 5], [0, 6], [0, 7], [0, 8], [1, 2], [1, 3], [1, 4], [1, 5], [1, 6], [1, 7], [1, 8], [2, 3], [2, 4], [2, 5], [2, 6], [2, 7], [2, 8], [3, 4], [3, 5], [3, 6], [3, 7], [3, 8], [4, 5], [4, 6], [4, 7], [4, 8], [5, 6], [5, 7], [5, 8], [6, 7], [6, 8], [7, 8]], "features": {"0": 8, "1": 8, "2": 8, "3": 8, "4": 8, "5": 8, "6": 8, "7": 8, "8": 8}, "weight": {"(0, 1)": 0.5721265604349184, "(0, 2)": 2.1284304725890535, "(0, 3)": 0.6269826436446795, "(0, 4)": 1.237618470541811, "(0, 5)": 2.0788784525552853, "(0, 6)": 1.6389651848747728, "(0, 7)": 1.118033988749895, "(0, 8)": 1.3893527093593003, "(1, 2)": 2.143900863744118, "(1, 3)": 1.1886431813106693, "(1, 4)": 1.487457387778657, "(1, 5)": 2.4731740062949275, "(1, 6)": 2.19578635372404, "(1, 7)": 1.3612360437411617, "(1, 8)": 1.9052819780229682, "(2, 3)": 2.1225839792808507, "(2, 4)": 1.0633991027590053, "(2, 5)": 4.0450091460800035, "(2, 6)": 2.4686595320724267, "(2, 7)": 3.242056317720385, "(2, 8)": 3.1584368485385625, "(3, 4)": 1.0759737971352192, "(3, 5)": 1.9233850423940297, "(3, 6)": 1.0119918984740983, "(3, 7)": 1.3075770057846197, "(3, 8)": 1.0496547006318908, "(4, 5)": 2.99709546031078, "(4, 6)": 1.4824235235112089, "(4, 7)": 2.2912261033672014, "(4, 8)": 2.097975452651322, "(5, 6)": 2.0929683678182753, "(5, 7)": 1.1752897230039312, "(5, 8)": 0.9386378694455467, "(6, 7)": 2.031292269340283, "(6, 8)": 1.198776039143037, "(7, 8)": 1.0350914125110056}}