{"edges": [[0, 1], [0, 2], [0, 3], [0, 4], [0, 5], [0, 6], [1, 2], [1, 3], [1, 4], [1, 5], [1, 6], [2, 3], [2, 4], [2, 5], [2, 6], [3, 4], [3, 5], [3, 6], [4, 5], [4, 6], [5, 6]], "features": {"0": 6, "1": 6, "2": 6, "3": 6, "4": 6, "5": 6, "6": 6}, "weight": {"(0, 1)": 4.2812441874555125, "(0, 2)": 4.191941851891469, "(0, 3)": 9.503357199955914, "(0, 4)": 10.640315349627436, "(0, 5)": 2.1830514906709633, "(0, 6)": 9.823549803754315, "(1, 2)": 2.7514216151391473, "(1, 3)": 13.490222748093753, "(1, 4)": 14.558074354400471, "(1, 5)": 2.151771386228298, "(1, 6)": 13.671806729827454, "(2, 3)": 13.629316892858203, "(2, 4)": 14.78821659238244, "(2, 5)": 3.133122017427338, "(2, 6)": 13.994428973744444, "(3, 4)": 1.2125601940354302, "(3, 5)": 11.367751127866436, "(3, 6)": 0.9570315614038077, "(4, 5)": 12.452868417085279, "(4, 6)": 0.9715174860693582, "(5, 6)": 11.581832235598148}}