{"edges": [[0, 1], [0, 2], [0, 3], [0, 4], [0, 5], [0, 6], [0, 7], [0, 8], [1, 2], [1, 3], [1, 4], [1, 5], [1, 6], [1, 7], [1, 8], [2, 3], [2, 4], [2, 5], [2, 6], [2, 7], [2, 8], [3, 4], [3, 5], [3, 6], [3, 7], [3, 8], [4, 5], [4, 6], [4, 7], [4, 8], [5, 6], [5, 7], [5, 8], [6, 7], [6, 8], [7, 8]], "features": {"0": 8, "1": 8, "2": 8, "3": 8, "4": 8, "5": 8, "6": 8, "7": 8, "8": 8}, "weight": {"(0, 1)": 1.3104254357914322, "(0, 2)": 2.3548501184476227, "(0, 3)": 1.4010899498808107, "(0, 4)": 3.11052103823507, "(0, 5)": 3.1219566785114816, "(0, 6)": 3.8414156889009137, "(0, 7)": 2.202396421151106, "(0, 8)": 3.1146324030520303, "(1, 2)": 3.2685125625763414, "(1, 3)": 1.2785478568625228, "(1, 4)": 3.0511296619156343, "(1, 5)": 2.047361883831207, "(1, 6)": 3.3632644138955965, "(1, 7)": 1.2801106900172508, "(1, 8)": 2.367340510997278, "(2, 3)": 2.232585283574899, "(2, 4)": 2.346619540557745, "(2, 5)": 4.114059794794882, "(2, 6)": 3.537583671631692, "(2, 7)": 3.2882299479486052, "(2, 8)": 3.5307274659681616, "(3, 4)": 1.8437500161639713, "(3, 5)": 2.012062487817805, "(3, 6)": 2.4433603141898734, "(3, 7)": 1.1003536869521364, "(3, 8)": 1.764467400034312, "(4, 5)": 2.530764026850554, "(4, 6)": 1.210250758204925, "(4, 7)": 2.154801269028422, "(4, 8)": 1.6432149516688317, "(5, 6)": 2.0332870832509213, "(5, 7)": 0.9382912475663151, "(5, 8)": 0.9382200019405473, "(6, 7)": 2.1538047332140997, "(6, 8)": 1.1391638711998737, "(7, 8)": 1.093680924550435}}