{"edges": [[0, 1], [0, 2], [0, 3], [0, 4], [0, 5], [0, 6], [0, 7], [0, 8], [1, 2], [1, 3], [1, 4], [1, 5], [1, 6], [1, 7], [1, 8], [2, 3], [2, 4], [2, 5], [2, 6], [2, 7], [2, 8], [3, 4], [3, 5], [3, 6], [3, 7], [3, 8], [4, 5], [4, 6], [4, 7], [4, 8], [5, 6], [5, 7], [5, 8], [6, 7], [6, 8], [7, 8]], "features": {"0": 8, "1": 8, "2": 8, "3": 8, "4": 8, "5": 8, "6": 8, "7": 8, "8": 8}, "weight": {"(0, 1)": 3.1891716145487945, "(0, 2)": 3.220971470486489, "(0, 3)": 2.137139608440906, "(0, 4)": 4.956437504457783, "(0, 5)": 6.877420259496687, "(0, 6)": 7.522979726362464, "(0, 7)": 2.491996076162106, "(0, 8)": 2.022476984583889, "(1, 2)": 2.7514216151391473, "(1, 3)": 1.6271640782788757, "(1, 4)": 8.01401723014792, "(1, 5)": 10.020319494580782, "(1, 6)": 10.605359518426496, "(1, 7)": 1.2246085232331692, "(1, 8)": 5.1192149622998375, "(2, 3)": 1.516620427080034, "(2, 4)": 7.916792798710612, "(2, 5)": 9.596619381942697, "(2, 6)": 10.371170354010655, "(2, 7)": 3.386163404222787, "(2, 8)": 5.08906210740357, "(3, 4)": 7.0843470469808, "(3, 5)": 8.95359584309245, "(3, 6)": 9.63586944684709, "(3, 7)": 1.9133810270437195, "(3, 8)": 4.1551343811650865, "(4, 5)": 2.142412372252684, "(4, 6)": 2.592209427403379, "(4, 7)": 7.015585956592283, "(4, 8)": 2.9345335997762034, "(5, 6)": 0.9826740221917609, "(5, 7)": 9.080411288261674, "(5, 8)": 4.901503076700835, "(6, 7)": 9.603816321155284, "(6, 8)": 5.50888870222181, "(7, 8)": 4.207336726383789}}