{"edges": [[0, 1], [0, 2], [0, 3], [0, 4], [0, 5], [0, 6], [0, 7], [0, 8], [1, 2], [1, 3], [1, 4], [1, 5], [1, 6], [1, 7], [1, 8], [2, 3], [2, 4], [2, 5], [2, 6], [2, 7], [2, 8], [3, 4], [3, 5], [3, 6], [3, 7], [3, 8], [4, 5], [4, 6], [4, 7], [4, 8], [5, 6], [5, 7], [5, 8], [6, 7], [6, 8], [7, 8]], "features": {"0": 8, "1": 8, "2": 8, "3": 8, "4": 8, "5": 8, "6": 8, "7": 8, "8": 8}, "weight": {"(0, 1)": 0.7305653554100349, "(0, 2)": 1.691353618692767, "(0, 3)": 0.47473023684939564, "(0, 4)": 1.2047287791659613, "(0, 5)": 2.043543499537981, "(0, 6)": 1.5811388300841898, "(0, 7)": 1.118033988749895, "(0, 8)": 1.348190643947763, "(1, 2)": 1.982652607536472, "(1, 3)": 1.1881500522835848, "(1, 4)": 1.8321559839142247, "(1, 5)": 2.214928532883351, "(1, 6)": 2.2965104209485725, "(1, 7)": 1.0791594476838864, "(1, 8)": 1.7899806236305233, "(2, 3)": 1.813621207093733, "(2, 4)": 1.0628062816551245, "(2, 5)": 3.6974925572576405, "(2, 6)": 2.347410331959481, "(2, 7)": 2.7996814329428834, "(2, 8)": 2.8745119779446386, "(3, 4)": 1.0397289978037805, "(3, 5)": 1.9040727532375388, "(3, 6)": 1.1097172222706484, "(3, 7)": 1.2332976504697004, "(3, 8)": 1.0633297373123909, "(4, 5)": 2.907672872168348, "(4, 6)": 1.2868415889691736, "(4, 7)": 2.2492846835384595, "(4, 8)": 2.002113090264889, "(5, 6)": 2.165412082636683, "(5, 7)": 1.1490679457190234, "(5, 8)": 0.9383792886327306, "(6, 7)": 2.0615528128088303, "(6, 8)": 1.2605960445076305, "(7, 8)": 1.0234033127527404}}