{"edges": [[0, 1], [0, 2], [0, 3], [1, 2], [1, 3], [2, 3]], "features": {"0": 3, "1": 3, "2": 3, "3": 3}, "weight": {"(0, 1)": 4.2812441874555125, "(0, 2)": 10.70667524278241, "(0, 3)": 2.357734678385904, "(1, 2)": 14.117281545590721, "(1, 3)": 2.0944540918090366, "(2, 3)": 12.825494375701828}}