{"edges": [[0, 1], [0, 2], [0, 3], [0, 4], [0, 5], [0, 6], [1, 2], [1, 3], [1, 4], [1, 5], [1, 6], [2, 3], [2, 4], [2, 5], [2, 6], [3, 4], [3, 5], [3, 6], [4, 5], [4, 6], [5, 6]], "features": {"0": 6, "1": 6, "2": 6, "3": 6, "4": 6, "5": 6, "6": 6}, "weight": {"(0, 1)": 4.2812441874555125, "(0, 2)": 4.191941851891469, "(0, 3)": 9.282517272795479, "(0, 4)": 11.042635569557469, "(0, 5)": 2.357734678385904, "(0, 6)": 10.137184446952874, "(1, 2)": 2.7514216151391473, "(1, 3)": 12.995971048485028, "(1, 4)": 14.823468376538454, "(1, 5)": 2.0944540918090366, "(1, 6)": 13.889721391549696, "(2, 3)": 13.472698602031924, "(2, 4)": 15.222702376736516, "(2, 5)": 2.2183175135587456, "(2, 6)": 14.322846687377137, "(3, 4)": 1.8415681407718436, "(3, 5)": 11.516004064420923, "(3, 6)": 0.9033584504195763, "(4, 5)": 13.30678627811271, "(4, 6)": 0.9385229569636714, "(5, 6)": 12.388490319819851}}