{"edges": [[0, 1], [0, 2], [0, 3], [0, 4], [0, 5], [0, 6], [0, 7], [0, 8], [1, 2], [1, 3], [1, 4], [1, 5], [1, 6], [1, 7], [1, 8], [2, 3], [2, 4], [2, 5], [2, 6], [2, 7], [2, 8], [3, 4], [3, 5], [3, 6], [3, 7], [3, 8], [4, 5], [4, 6], [4, 7], [4, 8], [5, 6], [5, 7], [5, 8], [6, 7], [6, 8], [7, 8]], "features": {"0": 8, "1": 8, "2": 8, "3": 8, "4": 8, "5": 8, "6": 8, "7": 8, "8": 8}, "weight": {"(0, 1)": 2.137833884859518, "(0, 2)": 2.374748530376079, "(0, 3)": 1.0538324634237308, "(0, 4)": 3.86984107943067, "(0, 5)": 6.445900357343235, "(0, 6)": 7.526823373256558, "(0, 7)": 1.7378726264637234, "(0, 8)": 1.8837464260024384, "(1, 2)": 2.7514216151391473, "(1, 3)": 1.6271640782788757, "(1, 4)": 5.766894410116096, "(1, 5)": 8.396451766773128, "(1, 6)": 9.481685759929205, "(1, 7)": 1.2246085232331692, "(1, 8)": 4.017459531970732, "(2, 3)": 1.516620427080034, "(2, 4)": 5.874422739969125, "(2, 5)": 8.247103276477656, "(2, 6)": 9.286338775786554, "(2, 7)": 3.386163404222787, "(2, 8)": 3.2743476567416407, "(3, 4)": 4.900230122290955, "(3, 5)": 7.44549980608447, "(3, 6)": 8.520745405584448, "(3, 7)": 1.9133810270437195, "(3, 8)": 2.6560848409132016, "(4, 5)": 2.63286168310031, "(4, 6)": 3.716821635369773, "(4, 7)": 4.776993302773597, "(4, 8)": 2.689203398945913, "(5, 6)": 1.0854346394042387, "(5, 7)": 7.404824236355721, "(5, 8)": 4.972905430689844, "(6, 7)": 8.48436831549562, "(6, 8)": 6.016714621609906, "(7, 8)": 3.5004812999586017}}