{"edges": [[0, 1], [0, 2], [0, 3], [0, 4], [0, 5], [0, 6], [0, 7], [1, 2], [1, 3], [1, 4], [1, 5], [1, 6], [1, 7], [2, 3], [2, 4], [2, 5], [2, 6], [2, 7], [3, 4], [3, 5], [3, 6], [3, 7], [4, 5], [4, 6], [4, 7], [5, 6], [5, 7], [6, 7]], "features": {"0": 7, "1": 7, "2": 7, "3": 7, "4": 7, "5": 7, "6": 7, "7": 7}, "weight": {"(0, 1)": 4.2812441874555125, "(0, 2)": 4.191941851891469, "(0, 3)": 8.059707631187358, "(0, 4)": 9.160070130160952, "(0, 5)": 8.451233266100983, "(0, 6)": 3.4610204751291644, "(0, 7)": 5.378825207157222, "(1, 2)": 2.7514216151391473, "(1, 3)": 12.320150034431366, "(1, 4)": 13.399164174562443, "(1, 5)": 12.649899290460462, "(1, 6)": 1.2246085232331692, "(1, 7)": 9.575983184505299, "(2, 3)": 11.854078042224769, "(2, 4)": 13.007747711845095, "(2, 5)": 12.397441747108921, "(2, 6)": 3.386163404222787, "(2, 7)": 9.387324894238333, "(3, 4)": 1.1752424050941603, "(3, 5)": 1.0587899283184092, "(3, 6)": 11.365500675640579, "(3, 7)": 2.8428999605004326, "(4, 5)": 0.9460154355283877, "(4, 6)": 12.414366351682853, "(4, 7)": 3.840475044085473, "(5, 6)": 11.633718074907662, "(5, 7)": 3.076858666667402, "(6, 7)": 8.575461695089038}}