{"edges": [[0, 1], [0, 2], [1, 2]], "features": {"0": 2, "1": 2, "2": 2}, "weight": {"(0, 1)": 4.2812441874555125, "(0, 2)": 10.70667524278241, "(1, 2)": 14.117281545590721}}