{"edges": [[0, 1], [0, 2], [0, 3], [0, 4], [0, 5], [0, 6], [0, 7], [0, 8], [1, 2], [1, 3], [1, 4], [1, 5], [1, 6], [1, 7], [1, 8], [2, 3], [2, 4], [2, 5], [2, 6], [2, 7], [2, 8], [3, 4], [3, 5], [3, 6], [3, 7], [3, 8], [4, 5], [4, 6], [4, 7], [4, 8], [5, 6], [5, 7], [5, 8], [6, 7], [6, 8], [7, 8]], "features": {"0": 8, "1": 8, "2": 8, "3": 8, "4": 8, "5": 8, "6": 8, "7": 8, "8": 8}, "weight": {"(0, 1)": 0.8896827398024767, "(0, 2)": 1.903375991781949, "(0, 3)": 1.4508021051718678, "(0, 4)": 3.2168679243995313, "(0, 5)": 2.51698002543308, "(0, 6)": 3.4611734348589205, "(0, 7)": 1.8762598414610905, "(0, 8)": 2.481173113441236, "(1, 2)": 2.6054312776218604, "(1, 3)": 1.4581483746358448, "(1, 4)": 3.220790299715769, "(1, 5)": 1.9623769059422542, "(1, 6)": 3.2150140951271817, "(1, 7)": 1.0631720997705973, "(1, 8)": 2.2493486653763415, "(2, 3)": 1.767165887297424, "(2, 4)": 2.5425668448641754, "(2, 5)": 3.195329708062356, "(2, 6)": 3.2591567890859956, "(2, 7)": 3.2202892234142415, "(2, 8)": 2.5536337379471514, "(3, 4)": 1.8031804451442317, "(3, 5)": 1.4466876936554909, "(3, 6)": 2.0236974276758595, "(3, 7)": 1.5819643736467675, "(3, 8)": 1.063521679358209, "(4, 5)": 2.0382587412610818, "(4, 6)": 0.9378226996391188, "(4, 7)": 2.9501221744647794, "(4, 8)": 1.1361197764826088, "(5, 6)": 1.53723479441494, "(5, 7)": 1.1489852844471236, "(5, 8)": 0.9408910457478947, "(6, 7)": 2.6440666951447285, "(6, 8)": 0.9854942195825387, "(7, 8)": 1.8251765022104554}}