{"edges": [[0, 1], [0, 2], [0, 3], [0, 4], [0, 5], [1, 2], [1, 3], [1, 4], [1, 5], [2, 3], [2, 4], [2, 5], [3, 4], [3, 5], [4, 5]], "features": {"0": 5, "1": 5, "2": 5, "3": 5, "4": 5, "5": 5}, "weight": {"(0, 1)": 4.2812441874555125, "(0, 2)": 10.706652476288756, "(0, 3)": 11.455304845206978, "(0, 4)": 2.357734678385904, "(0, 5)": 10.836848748030807, "(1, 2)": 14.11758644372068, "(1, 3)": 15.162915225212585, "(1, 4)": 2.0944540918090366, "(1, 5)": 14.43284727858239, "(2, 3)": 1.831142250510488, "(2, 4)": 12.825609492529626, "(2, 5)": 0.9603698108080579, "(3, 4)": 13.694642250211384, "(3, 5)": 0.9327181936161345, "(4, 5)": 13.031776337548553}}