{"edges": [[0, 1], [0, 2], [0, 3], [0, 4], [0, 5], [0, 6], [1, 2], [1, 3], [1, 4], [1, 5], [1, 6], [2, 3], [2, 4], [2, 5], [2, 6], [3, 4], [3, 5], [3, 6], [4, 5], [4, 6], [5, 6]], "features": {"0": 6, "1": 6, "2": 6, "3": 6, "4": 6, "5": 6, "6": 6}, "weight": {"(0, 1)": 4.2812441874555125, "(0, 2)": 4.191941851891469, "(0, 3)": 9.052324949551016, "(0, 4)": 9.733511321572037, "(0, 5)": 3.4610204751291644, "(0, 6)": 7.561365834618186, "(1, 2)": 2.7514216151391473, "(1, 3)": 13.275871365805408, "(1, 4)": 13.901643236458996, "(1, 5)": 1.2246085232331692, "(1, 6)": 11.680545803415766, "(2, 3)": 12.940741902210021, "(2, 4)": 13.70933626829006, "(2, 5)": 3.386163404222787, "(2, 6)": 11.618809336038304, "(3, 4)": 0.9915860974148567, "(3, 5)": 12.27671773044539, "(3, 6)": 1.915625125082239, "(4, 5)": 12.861762380256607, "(4, 6)": 2.2507071046225655, "(5, 6)": 10.624772487336264}}