{"edges": [[0, 1], [0, 2], [0, 3], [0, 4], [0, 5], [0, 6], [1, 2], [1, 3], [1, 4], [1, 5], [1, 6], [2, 3], [2, 4], [2, 5], [2, 6], [3, 4], [3, 5], [3, 6], [4, 5], [4, 6], [5, 6]], "features": {"0": 6, "1": 6, "2": 6, "3": 6, "4": 6, "5": 6, "6": 6}, "weight": {"(0, 1)": 4.2812441874555125, "(0, 2)": 4.191941851891469, "(0, 3)": 9.174758594309857, "(0, 4)": 10.110910599716544, "(0, 5)": 2.6939718035657476, "(0, 6)": 9.24484218028421, "(1, 2)": 2.7514216151391473, "(1, 3)": 13.26661902388967, "(1, 4)": 14.18986640218061, "(1, 5)": 1.803067442109202, "(1, 6)": 13.214402949474088, "(2, 3)": 13.2373868044083, "(2, 4)": 14.175500292502146, "(2, 5)": 3.3215740544822245, "(2, 6)": 13.380259259717144, "(3, 4)": 0.9383301238608708, "(3, 5)": 11.482768251295141, "(3, 6)": 0.9426237598790933, "(4, 5)": 12.402562525464148, "(4, 6)": 1.2655168887457946, "(5, 6)": 11.4157138911853}}